{"cameraMode":{"drawMode":0,"name":"Shaded","section":"Shading Mode"},"sceneLighting":true,"audioPlay":false,"sceneViewState":{"showFog":true,"showMaterialUpdate":false,"showSkybox":true,"showFlares":true,"showImageEffects":true,"showParticleSystems":true},"in2DMode":false,"pivot":{"x":24.793378829956056,"y":0.32057738304138186,"z":25.097658157348634},"rotation":{"x":0.3686765134334564,"y":0.5148333311080933,"z":-0.260425329208374,"w":0.728836715221405},"size":2.3350958824157717,"orthographic":false}